0,1,2,3,4,5,6,7,8,9,10,11,12,13,14,15,16,17,18,19,20,21,22,23,24,25,26,27,28,29,30,31,32,33,34,35,36,37,38,39,40,41,42,43,44,45,46,47,48,49,50,51,52,53,54,55,56,57,58,59,60,61,62,63,64,65,66,67,68,69
0.0,3.3647581737203005,3.665060167268518,1.5155230107553674,0.0,2.255466018817442,2.068029095127878,2.8051791745140884,3.2694643847661196,1.6679112568536933,2.5202601262997675,2.061836329984501,3.022017445298834,3.619317604860279,2.2110560936812074,1.9889105786718966,2.5965871610167217,2.4115833038785275,2.6195234658143147,3.3165774980600307,1.3839004021782477,3.055306256717937,2.21453879132812,2.3090763470227054,2.725407533225752,1.7940321926234168,2.282790480408638,1.3277474884077667,3.0207827641977585,2.9591945509125486,3.7087642021022056,2.673237844036145,2.8166238335649476,3.138622124023713,1.881876223997419,1.952572524620145,2.3064505754763673,0.0,3.115487115688522,3.270883651005464,2.5011826248398163,2.4436436014840073,2.045782982405954,2.189559884378563,0.0,2.9018077795875064,1.7159979415111135,2.8333445739138616,3.3265620777649145,2.6198291941194096,2.8419135589174975,3.942655897649624,2.8164984354242297,3.3103700041677424,3.018833366258217,3.42145073216988,2.7952560302632325,3.804836915331366,2.128237889763953,2.654491914409866,3.1017480450628305,1.0722070785324227,2.039903365142872,0.0,2.171387545092447,2.276122182190524,2.9941650061262446,1.9350074704430789,2.2808153037443426,2.2763620429694176
3.3647581737203005,0.0,1.99459943507583,3.615852873847341,3.3647581737203005,3.9367460041476137,3.878197607103867,4.1686699073387,4.37474776515097,3.6635710331800433,3.688573024172444,3.3204387673031666,4.39573831910083,4.736376359927235,4.032766287629483,3.641594785063263,4.121439429797425,4.034886445895994,3.8547188238507757,4.4673665583031,3.5343213976996877,4.385452575210819,3.9119001961288995,3.9572256770355927,4.079674586829047,3.675808163313689,3.8514928292669826,3.5104746090894507,4.369063688893567,4.286186475184287,4.742763803938811,3.7436218594946924,4.225777432774541,4.129668924992715,3.7717383066296075,3.683059931422507,3.9533905635140227,3.3647581737203005,4.26194558614333,4.47852495132766,3.89347381657878,4.049318579595367,3.850211211042873,3.9147520017052555,3.3647581737203005,3.8388322688566374,3.715553487860303,4.244684469125205,4.690664942664607,4.130058538691413,4.0738703159322025,4.702682486688853,4.1990915967961735,4.4573352327639,4.086534613385863,4.6502488180216535,4.171868887674588,4.676574563587176,3.864527832374701,4.158110568943909,4.442004155254047,3.440963762968951,3.8145553397928,3.3647581737203005,3.94352091392927,3.912953027306505,4.328151124928543,3.7401604936949817,3.905280833869757,3.992492513547397
3.665060167268518,1.99459943507583,0.0,3.831417791152339,3.665060167268518,4.033964599702815,4.080054867152145,4.443966017715475,4.614803374114524,3.936409783090328,3.362247083987018,3.7965158917147495,4.5303853146897834,5.001868556445756,4.302295768750372,3.923135644321511,4.324201440756175,4.2682972348897925,4.000198275123481,4.598309694954349,3.8297688315634972,4.503686948824597,4.2365053259759575,4.241547902395027,4.228381007227599,3.836434523610327,4.091771722897636,3.833888967109737,4.522191004199353,4.482342874226983,4.84516914464277,3.879452299771574,4.442413823494383,4.3574624844863665,4.044127003403378,4.012025477757706,4.31523618611806,3.665060167268518,4.3642265863503305,4.503029810140177,4.033867824222515,4.231622964191499,4.113229400272816,4.107361569108551,3.665060167268518,4.010882368662631,3.731858566347791,4.3162912952806805,4.849258111950071,4.432769559484384,4.248227944616034,4.773796386970289,4.47340820798964,4.5992041018436085,4.2507563241618245,4.823756391527429,4.082890099778679,4.583350007629145,4.199607499780672,4.5433582303289874,4.650555286504996,3.7177720605466575,4.083779165935007,3.665060167268518,4.1790357532973355,4.195864290216989,4.549123848756241,4.024515420589547,4.133882580085871,4.21548199804993
1.5155230107553674,3.615852873847341,3.831417791152339,0.0,1.5155230107553674,2.1787475426764247,2.2977879678884876,2.9187332036523057,3.4388330412003496,2.136669696105693,2.793495022383795,2.513772349707717,3.0670001861651324,3.747088314923578,2.279247137695563,2.2081222047165645,2.81518833931323,2.595380768725598,2.8852008004768153,3.536350380965909,1.663032692365746,3.4106860387504594,2.5123994763067135,2.459915596605722,2.8628503003175316,1.8273300424308077,2.3377532286587543,1.7608244419059,3.2692843938647664,3.2321074858256718,3.8472981723489985,2.94327515705714,3.0530160780986635,3.324404838118111,2.254039852514781,2.2752766771774406,2.5062308556839596,1.5155230107553674,3.2930616002701267,3.53215014093061,2.820151196488301,2.359712072131583,2.0455655966809907,2.3477014193115893,1.5155230107553674,3.144658719779284,1.9684116507450922,3.090072510076147,3.6234964761811947,2.860809447956275,3.0205801233997938,4.183683010221222,3.1716535700261725,3.600380350929901,3.3409017098059697,3.6440366825109076,2.976217322478865,3.9408551480628073,2.359867195981899,2.907521652485202,3.285648847461845,1.489062222297808,2.1729986597457813,1.5155230107553674,2.40718344440397,2.2240624301980225,3.308887068229906,1.900641754369682,2.4030142399694574,2.647722812066404
0.0,3.3647581737203005,3.665060167268518,1.5155230107553674,0.0,2.255466018817442,2.068029095127878,2.8051791745140884,3.2694643847661196,1.6679112568536933,2.5202601262997675,2.061836329984501,3.022017445298834,3.619317604860279,2.2110560936812074,1.9889105786718966,2.5965871610167217,2.4115833038785275,2.6195234658143147,3.3165774980600307,1.3839004021782477,3.055306256717937,2.21453879132812,2.3090763470227054,2.725407533225752,1.7940321926234168,2.282790480408638,1.3277474884077667,3.0207827641977585,2.9591945509125486,3.7087642021022056,2.673237844036145,2.8166238335649476,3.138622124023713,1.881876223997419,1.952572524620145,2.3064505754763673,0.0,3.115487115688522,3.270883651005464,2.5011826248398163,2.4436436014840073,2.045782982405954,2.189559884378563,0.0,2.9018077795875064,1.7159979415111135,2.8333445739138616,3.3265620777649145,2.6198291941194096,2.8419135589174975,3.942655897649624,2.8164984354242297,3.3103700041677424,3.018833366258217,3.42145073216988,2.7952560302632325,3.804836915331366,2.128237889763953,2.654491914409866,3.1017480450628305,1.0722070785324227,2.039903365142872,0.0,2.171387545092447,2.276122182190524,2.9941650061262446,1.9350074704430789,2.2808153037443426,2.2763620429694176
2.255466018817442,3.9367460041476137,4.033964599702815,2.1787475426764247,2.255466018817442,0.0,2.2039809476506145,3.426371500364811,3.8556656471253574,2.4232364730765674,3.019626219556189,2.9773449094399527,3.5378323949614323,4.090670641205902,3.147761621615072,2.7101111214735933,3.3628895725337973,3.1214058840113257,3.249709123754191,3.9082833232562195,2.227532191436884,3.7514110452518312,2.937412952886708,2.997396996467144,3.175593863614981,2.1546960605585785,3.025768727268008,2.3855680645875688,3.631795666846751,3.6411722014253813,4.281222580659457,3.324073173209998,3.3935461384405925,3.750196977244306,2.0191332106520217,2.8836833053575033,3.0892033551928275,2.255466018817442,3.6143227163244642,3.722133215047661,3.101773895253057,3.2874348083772946,2.5618493586206803,2.834112495094051,2.255466018817442,3.5015255165988437,2.509287065667435,3.507216714126225,3.9233920376472806,3.2602631192855047,3.3603582299185772,4.374647346819157,3.5281989192776035,3.8868441639864018,3.5615795160188766,4.030902810628341,3.2453917690907748,4.19314092611059,2.821366852769362,3.3628451092332363,3.5672385803966313,2.2563156837787415,2.9075876353075087,2.255466018817442,2.964127697625792,3.056907301704334,3.3754120095092777,2.7512951311480087,2.971021162704148,3.1454745011296854
2.068029095127878,3.878197607103867,4.080054867152145,2.2977879678884876,2.068029095127878,2.2039809476506145,0.0,3.39734911095249,3.717283006049423,2.1870227218028333,3.047506076482587,2.765208116800136,3.6492156603623145,4.136899610032389,2.998091897378787,2.6470602886831633,3.254406089480739,3.1026564942625883,3.1828399768861146,3.793357204342334,2.1343898379291417,3.7030306823182193,2.9327869164645404,3.0849273936046226,3.2098231958535943,1.8254917323005175,2.9639528863331255,2.177111897159791,3.5953897025265267,3.3149061835924902,4.249483972049317,3.212324614167851,3.3516889067534246,3.6467448040159263,2.07213184451105,2.6648451161909805,2.880631451782041,2.068029095127878,3.5837645570953987,3.7942877765750285,3.149230854868752,2.9364267830321706,2.5510199502908923,2.88261056509457,2.068029095127878,3.46813188705967,2.4546283480968762,3.4041681588462103,3.8858931132108108,3.2232259381422015,3.4521333029903567,4.401456017850264,3.2359032916593127,3.9107956409798144,3.519624225984975,3.9459247839164044,3.31130317412899,4.1863569242708145,2.8306510021844162,3.2231378767026384,3.6168359680787687,2.0901291774640387,2.7773958442972937,2.068029095127878,2.9620945919143815,2.9389612318684026,3.5201261740295955,2.7016165857794454,2.9065144984810125,2.5527486369831105
2.8051791745140884,4.1686699073387,4.443966017715475,2.9187332036523057,2.8051791745140884,3.426371500364811,3.39734911095249,0.0,3.3000550989035156,3.1580915708648862,3.7001276707667445,3.369107237272313,3.848515434247295,4.154552363520666,3.1579009910794653,3.299552545926914,3.1813914901533447,3.543980059745141,3.7211213536899286,4.201835754903904,2.960114570765729,3.7817584582905237,3.462864528929045,3.4789750581631043,3.9222698645147256,3.1479726492572513,3.169498159397424,2.920359581478438,3.9638345189545516,3.987539875421518,4.504380071442863,3.718818097777564,3.5605834452933194,4.049643261748556,3.2442064706034777,3.3650655988234632,3.5331185468568473,2.8051791745140884,3.867986211700603,4.190737393282005,3.5775166999114867,3.565838398704773,3.204911541382278,3.2992797272453007,2.8051791745140884,3.957005148156754,3.336689680824417,4.048929087213581,4.0166614658050435,3.7125912351759047,3.797440757916337,4.724287605609367,3.905165405503474,4.330775200485542,4.280073140328717,4.218242387774016,3.6605872639994925,4.757765502320978,3.355919323419431,3.5876211415714008,4.092501216356461,2.764364067067428,3.315865390999019,2.8051791745140884,3.42439202847289,3.1321528790764828,3.8054728623493057,3.03051835091875,3.5475325989947675,3.570823774267584
3.2694643847661196,4.37474776515097,4.614803374114524,3.4388330412003496,3.2694643847661196,3.8556656471253574,3.717283006049423,3.3000550989035156,0.0,3.568671262462946,3.9749219173831736,3.720210992616825,4.337534811212074,4.631011458357423,3.784441865084005,3.6550785232396823,3.978083013443896,3.8518296413785436,4.018315225714018,4.623666400091726,3.4533092010501556,4.317504937848505,3.996583283759762,3.923225860725961,4.28640558436266,3.571619701140009,3.7411765484763744,3.4760997547838857,4.303930053609156,4.288038289501466,4.8344663553472245,4.0782790302891225,4.194937231082803,4.4637516409956195,3.6147782946133433,3.7550287006078062,3.69795709605759,3.2694643847661196,4.150630599552389,4.485577608227603,4.047028227152896,3.9043195195116143,3.6564580059867318,3.8739208534491993,3.2694643847661196,4.154232210802644,3.566477118641158,4.060420506361327,4.453198366332978,4.0599588858866476,4.280418519875861,5.132358329942528,4.164335633188567,4.486973887538689,4.274445878989802,4.529518252507845,4.104134210183219,5.012855936034185,3.834128864912874,4.003042648884474,4.320708000540459,3.31593018865007,3.7121031863586067,3.2694643847661196,3.938231136301149,3.9387417535697318,4.255177252195338,3.5165457000527196,3.87678249191155,3.78850460338473
1.6679112568536933,3.6635710331800433,3.936409783090328,2.136669696105693,1.6679112568536933,2.4232364730765674,2.1870227218028333,3.1580915708648862,3.568671262462946,0.0,2.9283672710778794,2.5938073303175573,3.5035268832588944,3.8601911015827075,2.6634667992716143,2.4491972320679873,3.0474232849809386,3.040405118247688,3.0710694894769466,3.6411978536301017,1.8690519985195868,3.4976665877174944,2.7129787410854997,2.740894051526602,2.931426641960613,2.077182468434664,2.69628286410432,1.7836582549710829,3.4982326880178825,3.243763941086354,3.996117697874081,3.0494978249561977,3.240068362302904,3.4996904710494037,2.1722839160088934,2.341376797120712,2.8391639213772786,1.6679112568536933,3.4251875736884743,3.543916159663542,2.9417997707128016,2.844106274439051,2.527240719253348,2.5265007635972863,1.6679112568536933,3.2404597421760286,2.1663579473787085,3.119630103147964,3.6980101774140905,3.1296593939482955,3.2707165942752434,4.2138500826684,3.132282284235427,3.578672091310721,3.4646230710709562,3.660176557203085,3.137179830999657,4.114808976628162,2.603047007308557,2.9603309079696327,3.340654875433987,1.6362269318459548,2.1988739407302242,1.6679112568536933,2.6503345456249807,2.5712360038208812,3.322602592860546,2.4925115672023685,2.7022116849345506,2.8117686531494233
2.5202601262997675,3.688573024172444,3.362247083987018,2.793495022383795,2.5202601262997675,3.019626219556189,3.047506076482587,3.7001276707667445,3.9749219173831736,2.9283672710778794,0.0,2.056150497141967,3.803853862973611,4.371651952571392,3.2677934129892794,2.896325458196657,3.376015553100643,3.271792427297733,3.1318809956414957,3.714638659476938,2.724489900141239,3.8185043481299266,3.295395621631611,3.4100841610905333,3.0435509287063094,2.8360368970625496,3.2314636617621146,2.720237304337224,3.539204409926169,3.7081828697210804,4.317413880379459,2.4075093229650815,3.4174172459686676,3.5577552960456913,2.920713550288652,2.8451932528717427,3.281338951369188,2.5202601262997675,3.654776273733664,3.7369496722116633,2.672395693270788,3.334880463282011,3.134043590343729,3.104420470246785,2.5202601262997675,3.358924140320021,2.5995794860516246,3.3706118423547755,3.908542496939914,3.449010865297096,3.2950338548642084,4.199456724570476,3.5386322751964916,3.618126953868583,3.1464291190308478,4.068788965243605,3.0997541092346568,3.909218619175033,3.235654874524997,3.598519691824197,3.7333775300189793,2.626983338377067,3.150422405153247,2.5202601262997675,3.151608213454098,3.263373882408446,3.634251478573516,3.0455356371627804,3.091796351963932,3.133236790306069
2.061836329984501,3.3204387673031666,3.7965158917147495,2.513772349707717,2.061836329984501,2.9773449094399527,2.765208116800136,3.369107237272313,3.720210992616825,2.5938073303175573,2.056150497141967,0.0,3.679505722060964,4.0447212008713676,2.88389664394912,2.616337361863103,3.0807486697107715,3.0203062210257725,3.0141558518858464,3.484659523786994,2.3492258878726413,3.566644994275398,2.867346998266818,3.1245703783669043,2.858045002685842,2.6447301223847384,2.9548847561169658,2.321114273978647,3.273439959998429,3.387460099451763,4.17871806533936,2.411153775705961,3.202981913445367,3.538146237731181,2.599667776445607,2.186980895984595,2.9115421846055614,2.061836329984501,3.566922270848544,3.55529091819918,2.427425935779452,3.0742407358356423,2.842871776155778,2.9280362350083813,2.061836329984501,3.323788974150171,2.626630566993233,3.421535355304592,3.7337130057256696,3.1314308736316097,2.9845317838158762,4.165020593368538,3.2911263780848174,3.234578750249086,2.8219141562216326,3.617808795449331,3.2622851230964747,3.950002300395212,2.8283852221934866,3.0483625216009673,3.504734185711363,2.2567124871446524,2.813020664192877,2.061836329984501,2.937664324481243,2.904196032170713,3.3771220406430382,2.7021244825661768,2.823938438213363,2.8943991582804434
3.022017445298834,4.39573831910083,4.5303853146897834,3.0670001861651324,3.022017445298834,3.5378323949614323,3.6492156603623145,3.848515434247295,4.337534811212074,3.5035268832588944,3.803853862973611,3.679505722060964,0.0,3.0981496302006453,3.382640541740832,3.4521336945763097,3.4859694621063757,3.5677052326573837,3.975666234199401,4.3202118552200055,3.128906341532708,4.012512214785448,3.6738575018058968,3.371403290457676,4.050984915019661,3.2714172589599837,3.3727738231642936,3.1432156502839574,4.106873738845372,4.138436924416196,4.593771373325826,3.9186286242651622,3.8851455518518434,4.021288282416301,3.483875418570788,3.6663569732425,3.6683785420379715,3.022017445298834,4.26077028638365,4.300727793816815,3.8378463037999446,3.6544095787372837,3.298705977479193,3.616429206164701,3.022017445298834,4.229675578476958,3.319583835111976,3.6644866554573685,4.277474284141997,3.606535790909655,3.9509305557149923,4.645654391764462,3.868270900123849,4.461942956905617,4.172350037447915,4.209917257970969,3.900290503280799,4.82525003558719,3.368836575887814,3.988035631583194,4.110060735338455,3.093056103517064,3.452286993370202,3.022017445298834,3.5509625958865203,3.5323037234269017,4.155508921915361,3.1356672599657602,3.6236531733255455,3.695092927860022
3.619317604860279,4.736376359927235,5.001868556445756,3.747088314923578,3.619317604860279,4.090670641205902,4.136899610032389,4.154552363520666,4.631011458357423,3.8601911015827075,4.371651952571392,4.0447212008713676,3.0981496302006453,0.0,3.930355264469371,3.899064950588116,4.043535823993489,3.7671767662432836,4.389399569373004,4.7411531895657415,3.625717399574786,4.261346330148896,4.178618494437772,4.241349423625984,4.291067565871711,4.146450820132642,4.075324775581402,3.527198070764618,4.337845455390348,4.425794816710508,5.111419881322394,4.338292778264868,4.507321279509524,4.658819007339253,3.591322612040177,3.9980922024205165,4.119165621085083,3.619317604860279,4.709345605678576,4.7625113758038475,4.273344409348116,4.2368270819976335,3.857723930293207,3.961344144122623,3.619317604860279,4.647893956468804,3.9849663162328213,4.227347404454542,4.592416581117053,4.065789839915316,4.326728459727868,5.06878997588847,4.325399411200819,4.5927214893938695,4.6984435596085765,4.41657762259667,4.385900670750126,4.977302430733084,3.9441645400629035,4.294895774444178,4.629562746962465,3.625195666676544,3.895280037141536,3.619317604860279,4.090581182361814,3.648349867656708,4.539340317178875,3.8439481886557774,4.062618065895233,4.02856624551032
2.2110560936812074,4.032766287629483,4.302295768750372,2.279247137695563,2.2110560936812074,3.147761621615072,2.998091897378787,3.1579009910794653,3.784441865084005,2.6634667992716143,3.2677934129892794,2.88389664394912,3.382640541740832,3.930355264469371,0.0,2.987987102725101,2.5790589345077475,3.083715959021584,3.423410896627823,3.8692637234041047,2.228028630821149,3.549108362735635,3.0729493895483104,2.774706023423706,3.5220094277458904,2.7453340046036763,3.0352691331199537,2.37388884621989,3.736058049553203,3.5201245994215684,4.274318904914885,3.35690643962203,3.2667003080681787,3.7195783508263465,2.7180777257128943,2.6543707897415665,3.0741076233209195,2.2110560936812074,3.81586561923736,4.039514881735454,3.2785293966853475,3.077208822362969,2.827062580260826,2.9093165836485713,2.2110560936812074,3.6637811276595085,2.8161053048709417,3.6641107057799536,3.938922264618707,3.174617027359559,3.4315149413991715,4.606994358677619,3.4368215194739813,3.966972328469927,3.6281733132066702,3.6510436760809837,3.5994104949557304,4.28245224078392,2.889958875384449,3.4461784330495173,3.6105021763442435,2.149967402996916,2.5286388090865013,2.2110560936812074,2.8528705022824976,2.593831197436493,3.7931480355871114,2.697913812202293,3.146422686165835,3.047171529210331
1.9889105786718966,3.641594785063263,3.923135644321511,2.2081222047165645,1.9889105786718966,2.7101111214735933,2.6470602886831633,3.299552545926914,3.6550785232396823,2.4491972320679873,2.896325458196657,2.616337361863103,3.4521336945763097,3.899064950588116,2.987987102725101,0.0,3.2687075586018524,2.972962348514621,2.811072504500963,3.845729307318162,2.220667850663187,3.5762937619473925,2.7471972416110626,2.928068677343172,2.6386595865059035,2.4392296827271642,2.8526348830908135,2.193785263852635,3.355376731351133,3.5357568795448975,3.8062976629995813,2.754902637351313,3.351432066873487,3.6577444876828746,2.4432232249101076,2.521851407271022,2.6979423105628264,1.9889105786718966,3.623680846128642,3.615110742460291,2.8107744861465656,2.949798703323775,2.512401458201195,2.8977458674924015,1.9889105786718966,3.2479653397328674,2.4465867005281217,3.266657688444389,3.755640454050849,3.0402129596109644,3.4199659813017083,4.394777346611611,3.280908369760181,3.7141654591415185,3.3941570434270774,3.910565687292927,2.628246024029218,4.241911837927249,2.6900558705425115,3.1001286817933176,3.6130976721505395,2.048343445445409,2.7568653965404177,1.9889105786718966,2.7371428641228657,2.7842401152461185,3.374860871311181,2.545663225986113,1.9318576593415575,2.7031673155108376
2.5965871610167217,4.121439429797425,4.324201440756175,2.81518833931323,2.5965871610167217,3.3628895725337973,3.254406089480739,3.1813914901533447,3.978083013443896,3.0474232849809386,3.376015553100643,3.0807486697107715,3.4859694621063757,4.043535823993489,2.5790589345077475,3.2687075586018524,0.0,3.382615637740435,3.4601590929119848,3.9485726838700983,2.8079503581468037,3.769666850320617,3.2137912649928113,3.2243348507929426,3.72797336523397,3.1137111647572353,3.0903436928028185,2.8299555772332496,3.783612455572762,3.8565443612954295,4.443961403886772,3.5421502687912274,2.8556137669517723,3.910464229607147,3.199515538292332,3.05220615487408,3.3136778736942367,2.5965871610167217,4.116725549344597,4.117323689137419,3.4799730638497772,3.4515274494891153,3.1399321545805687,3.459124056295763,2.5965871610167217,3.74726157558388,3.018614252226407,3.7973964867877807,4.077462480631548,3.557885500943182,3.708521020697521,4.530778411003955,3.4476711862677534,4.117914555851807,3.656646497868162,3.690498162719827,3.552787541409935,4.483069731845648,3.1162819840584404,3.4386041022606135,3.4519698698790937,2.64513483496261,3.155327574451336,2.5965871610167217,3.233653023739998,3.224882119443096,4.1760415346817075,2.916135248120262,3.4428664996087543,3.3074669639738956
2.4115833038785275,4.034886445895994,4.2682972348897925,2.595380768725598,2.4115833038785275,3.1214058840113257,3.1026564942625883,3.543980059745141,3.8518296413785436,3.040405118247688,3.271792427297733,3.0203062210257725,3.5677052326573837,3.7671767662432836,3.083715959021584,2.972962348514621,3.382615637740435,0.0,3.470802371588437,3.9541718100543415,2.6117508438208694,3.7484475828041437,3.154046526165696,3.025266860532243,3.5978704894307496,2.9085023449957337,2.850434349586201,2.641801086778364,3.71836069867206,3.646459732944621,4.2920404957447555,3.4818719174638155,3.6015716890871414,3.7975928344609757,2.284597059869186,2.861931056152716,3.1440935588881076,2.4115833038785275,3.802782544855899,3.9438011009468403,3.3417973832845056,2.989465090352392,3.017753193527821,3.095084102905566,2.4115833038785275,3.6677249597175527,2.6888995810308876,3.5464579599314,3.9852244171675686,3.419746068299534,3.6075457330108476,4.579069765996649,3.5244008733737924,3.98870045698424,3.692827338180646,4.046686696087806,3.6532139722313564,4.441371602318452,3.044285530188992,3.365846045064123,3.6168912532278656,2.4083203165781577,3.110623769218693,2.4115833038785275,3.1924683430794785,3.214938577513924,3.707999910644733,2.5777860483902812,3.1700288332534488,3.2836374601903926
2.6195234658143147,3.8547188238507757,4.000198275123481,2.8852008004768153,2.6195234658143147,3.249709123754191,3.1828399768861146,3.7211213536899286,4.018315225714018,3.0710694894769466,3.1318809956414957,3.0141558518858464,3.975666234199401,4.389399569373004,3.423410896627823,2.811072504500963,3.4601590929119848,3.470802371588437,0.0,3.9609679543756826,2.7982646904023887,3.5556060214982845,3.097091307449904,3.34873647433546,3.3082423928728306,2.983074499033171,3.3252798373176184,2.7672753629491678,3.2272814575870234,3.8227560764955753,4.35809841911294,3.134085905715481,3.5470056345552283,3.8122747482427113,3.077068211752195,2.99949735195812,3.2102782321384855,2.6195234658143147,3.672045553182751,3.980073119865926,2.8726166205326624,3.4846864764591023,3.242395354506626,3.418494712852572,2.6195234658143147,3.2983937409291104,2.950143761001872,3.7515774703114926,4.184879318037036,3.7803569988338346,3.8138457684178473,4.392418617151538,3.746811103920786,3.6665357446179137,3.561672387646222,4.191745172723128,3.2439193227644134,4.520262325059547,3.3048480961612436,3.5413148738512072,3.743029244306493,2.6724879346598565,3.202538973566118,2.6195234658143147,3.334339047892269,3.4348931939526874,3.700733425597273,3.075415682294682,3.197204522713745,3.2519552668762772
3.3165774980600307,4.4673665583031,4.598309694954349,3.536350380965909,3.3165774980600307,3.9082833232562195,3.793357204342334,4.201835754903904,4.623666400091726,3.6411978536301017,3.714638659476938,3.484659523786994,4.3202118552200055,4.7411531895657415,3.8692637234041047,3.845729307318162,3.9485726838700983,3.9541718100543415,3.9609679543756826,0.0,3.306285631287474,4.167032123384473,3.680836432424398,3.942863062261829,4.252257835104698,3.6525532922322395,3.897168588670219,3.483762473822791,3.314135243970462,2.9526815712150167,5.0095011650587535,3.9650930610997532,3.993298822017294,3.863179046472677,3.656447206441714,3.71853372104849,3.8899705210770135,3.3165774980600307,3.6055408997198355,3.905788550472674,3.973533299871262,4.076091956137199,3.9139684159633505,3.6437212293195973,3.3165774980600307,4.254558295242463,3.621445392315083,4.1155311952021485,4.552084538629574,3.974282300041198,4.031990409849514,4.08860683661862,4.190307663319697,3.929213733238448,3.9520202061308702,4.265177443580756,4.190781852618881,4.819788366069577,3.9378667948630555,4.023407586098851,3.9250008618625,3.3814709833276324,3.799626801429556,3.3165774980600307,3.896865144223895,3.7473600591392318,4.2635327299798265,3.6488272340119092,4.139425456839924,3.7830449905188916
1.3839004021782477,3.5343213976996877,3.8297688315634972,1.663032692365746,1.3839004021782477,2.227532191436884,2.1343898379291417,2.960114570765729,3.4533092010501556,1.8690519985195868,2.724489900141239,2.3492258878726413,3.128906341532708,3.625717399574786,2.228028630821149,2.220667850663187,2.8079503581468037,2.6117508438208694,2.7982646904023887,3.306285631287474,0.0,3.3330414512800854,2.396628440774059,2.0747472826103124,2.858532340231299,1.8215134785987501,2.517607203488322,1.4141926694306461,3.1148956347073717,3.0849802033485356,3.9150886268533553,2.8656610341467643,2.9880915357562645,3.235891103882395,1.8693993478008413,2.176393406906677,2.548212528165943,1.3839004021782477,3.2078614281359314,3.476111552177362,2.717800326230964,2.62421720827363,2.155755228103764,2.2811446063340637,1.3839004021782477,3.144483507645001,2.0257257451148507,3.0998182445505478,3.61752753529237,2.8716120887843695,2.975063702592419,4.088790174100433,3.0240706007986486,3.3978244565622098,3.2416755241929733,3.5871913589788904,2.9855807756760475,3.960635773561566,2.2900739106556185,2.9286296517721064,3.325409873718919,1.3776250430090662,2.0535923483719514,1.3839004021782477,2.3783380736833055,2.384532003465351,3.195108907551093,2.161592308843191,2.538609828653968,2.4342754305685306
3.055306256717937,4.385452575210819,4.503686948824597,3.4106860387504594,3.055306256717937,3.7514110452518312,3.7030306823182193,3.7817584582905237,4.317504937848505,3.4976665877174944,3.8185043481299266,3.566644994275398,4.012512214785448,4.261346330148896,3.549108362735635,3.5762937619473925,3.769666850320617,3.7484475828041437,3.5556060214982845,4.167032123384473,3.3330414512800854,0.0,3.6184993649668744,3.877067047088047,3.7744050820328368,3.5225240635932398,3.7365519506010645,3.193074461074122,4.008164102205645,3.8069294123498443,4.682122894447715,3.7102020142539627,3.935293421000953,4.266532975195025,3.538824464301972,3.4794252693312915,3.8830035623166896,3.055306256717937,3.971130489795515,3.824695589279813,3.439782644646291,3.903208623187526,3.6660342467674623,3.5662053607680133,3.055306256717937,3.902339026075469,3.5746219755152295,4.014758489757346,3.7091257690487667,3.94004651875804,3.961492535597503,4.63678535510453,4.126848006519134,4.086150051660675,3.9212079335157437,3.8957632619887397,3.702626165786011,4.595105887530029,3.753947519271729,3.8986351395744796,4.03412558891884,3.0779803435886945,3.6530699658946033,3.055306256717937,3.6743513473484244,3.2300876149101376,3.845048308876097,3.5050023483904513,3.7199187789228194,3.6263124522895787
2.21453879132812,3.9119001961288995,4.2365053259759575,2.5123994763067135,2.21453879132812,2.937412952886708,2.9327869164645404,3.462864528929045,3.996583283759762,2.7129787410854997,3.295395621631611,2.867346998266818,3.6738575018058968,4.178618494437772,3.0729493895483104,2.7471972416110626,3.2137912649928113,3.154046526165696,3.097091307449904,3.680836432424398,2.396628440774059,3.6184993649668744,0.0,3.0394589541739796,3.3783369015296465,2.697781212702757,3.104966157688324,2.4267039346046406,3.577427262203633,3.4935293240705882,4.280914550119837,3.205481407799339,3.386297107209852,3.666447049765329,2.703898877158802,2.7534427704198436,3.227122060741735,2.21453879132812,3.66725079184396,3.73338292835734,3.030807885485319,3.21983219483791,2.932755870146883,3.030296337363005,2.21453879132812,3.6490433942103686,2.6510177263101955,3.58758830297454,3.8043774819237504,3.3619806078598473,3.416440495043074,4.424645936373732,3.5012182967862695,3.807196788160358,3.7386632867005685,3.9522683409991397,3.397334387943633,4.529129403883718,2.9799808928635576,3.0185894716554027,3.450095663367245,2.1705794839481674,2.9739580778876604,2.21453879132812,2.914942458324233,2.987589532288781,3.5169776677992695,2.714334537167791,3.1725748986547564,2.9559208130182113
2.3090763470227054,3.9572256770355927,4.241547902395027,2.459915596605722,2.3090763470227054,2.997396996467144,3.0849273936046226,3.4789750581631043,3.923225860725961,2.740894051526602,3.4100841610905333,3.1245703783669043,3.371403290457676,4.241349423625984,2.774706023423706,2.928068677343172,3.2243348507929426,3.025266860532243,3.34873647433546,3.942863062261829,2.0747472826103124,3.877067047088047,3.0394589541739796,0.0,3.538748616711191,2.335499782000133,2.9189743093881266,2.4926635100544434,3.6781449323366453,3.750881717835085,4.378750817114612,3.501890321933155,3.494759299264127,3.7000968962778997,2.8176920445219182,2.980130668080953,3.1191449737339596,2.3090763470227054,3.7652023281326508,3.927986081425992,3.311223096069851,2.9826650426364636,2.9703791406194586,3.069333878683787,2.3090763470227054,3.6443924849427796,2.74692171575762,3.588762554629662,4.004631168959798,3.4843296509447543,3.490676031491824,4.455688525751314,3.438973371875845,3.9579565705231534,3.774280854225623,3.8924155256810447,3.593299871640997,4.5048093725835185,2.659644166819975,3.436628668196732,3.760961489990938,2.343988032945979,2.9033474168576765,2.3090763470227054,2.992082400974976,3.076864780020615,3.77445814761179,2.692834527938796,3.13598705581854,3.263208663566161
2.725407533225752,4.079674586829047,4.228381007227599,2.8628503003175316,2.725407533225752,3.175593863614981,3.2098231958535943,3.9222698645147256,4.28640558436266,2.931426641960613,3.0435509287063094,2.858045002685842,4.050984915019661,4.291067565871711,3.5220094277458904,2.6386595865059035,3.72797336523397,3.5978704894307496,3.3082423928728306,4.252257835104698,2.858532340231299,3.7744050820328368,3.3783369015296465,3.538748616711191,0.0,3.0151025528454,3.30758420547089,2.8794601926199057,3.7902893753540328,4.053679004222691,4.0720680382790055,2.8814605637637554,3.7573059667503,4.050005359312911,3.000296411206113,3.002281606523068,3.467508301415373,2.725407533225752,3.9220586862020372,3.8478151118629262,2.8558208668196596,3.6064600369896564,2.96124422921012,3.2736382396180783,2.725407533225752,3.7421040236944183,3.05744402442528,3.588191476466938,3.8724057404266707,3.651636662307667,3.377293444578814,4.524202630172767,3.6603753876108556,3.7966289411177443,3.394086532603762,4.090993126040462,3.239911349079483,4.393637962445594,3.397930012151512,3.5730337120954574,4.099570522809535,2.873391784600348,3.1715817899288408,2.725407533225752,3.275080670336723,3.195141127599319,3.6813037431754565,3.2054046770976004,2.429503023697781,3.176632715248366
1.7940321926234168,3.675808163313689,3.836434523610327,1.8273300424308077,1.7940321926234168,2.1546960605585785,1.8254917323005175,3.1479726492572513,3.571619701140009,2.077182468434664,2.8360368970625496,2.6447301223847384,3.2714172589599837,4.146450820132642,2.7453340046036763,2.4392296827271642,3.1137111647572353,2.9085023449957337,2.983074499033171,3.6525532922322395,1.8215134785987501,3.5225240635932398,2.697781212702757,2.335499782000133,3.0151025528454,0.0,2.4886958442861364,1.8674887403052858,3.4091455984153165,3.2996291833445954,4.091739143965471,3.0917723275698235,3.233511329686628,3.4094275089483106,2.4109191988275342,2.5366003441751044,2.7273215609159926,1.7940321926234168,3.3456329305632906,3.58985221963309,2.970678176612028,2.7381673019555692,2.3556690968125045,2.6870946082993803,1.7940321926234168,3.2477447396652557,2.1157221748604185,3.2260591543068964,3.6901913914109135,3.028776904565954,3.168448315239623,4.086093708628241,3.0904666994054844,3.709281553369247,3.3459226626632983,3.8182714351945077,3.1205645327273315,4.071028534495304,2.487939074311765,3.151884494375284,3.4059145357904486,1.7477391828185327,2.400420285209824,1.7940321926234168,2.6136840027896944,2.6992953904786376,3.3443112949619622,2.275835384766701,2.728197214360081,2.4482651109936975
2.282790480408638,3.8514928292669826,4.091771722897636,2.3377532286587543,2.282790480408638,3.025768727268008,2.9639528863331255,3.169498159397424,3.7411765484763744,2.69628286410432,3.2314636617621146,2.9548847561169658,3.3727738231642936,4.075324775581402,3.0352691331199537,2.8526348830908135,3.0903436928028185,2.850434349586201,3.3252798373176184,3.897168588670219,2.517607203488322,3.7365519506010645,3.104966157688324,2.9189743093881266,3.30758420547089,2.4886958442861364,0.0,2.5202875203987096,3.7033585628412085,3.7531411875599083,4.312473056960008,3.3072200670790153,3.3068076634629935,3.705654049362931,2.850195294697947,2.933598474712584,2.863700111887028,2.282790480408638,3.705932403872014,3.8854164394959962,3.2142305678098397,2.825387098084771,2.629383363993818,3.025236710290487,2.282790480408638,3.5256576725636486,2.47887961747963,3.328925527646584,3.9722618916954775,3.3459542190029983,3.690532524292006,4.449865637642524,3.447924744216859,3.9482565753346024,3.677104795958348,4.123292692629327,3.4833402097726216,4.3919668419622075,2.872463132356616,3.4319132604130607,3.8383687623104468,2.2501455778511015,2.81646679517296,2.282790480408638,3.045909018299799,3.12036498581419,3.5665175649475094,1.7117198059254732,2.9917327745676023,3.015354620457807
1.3277474884077667,3.5104746090894507,3.833888967109737,1.7608244419059,1.3277474884077667,2.3855680645875688,2.177111897159791,2.920359581478438,3.4760997547838857,1.7836582549710829,2.720237304337224,2.321114273978647,3.1432156502839574,3.527198070764618,2.37388884621989,2.193785263852635,2.8299555772332496,2.641801086778364,2.7672753629491678,3.483762473822791,1.4141926694306461,3.193074461074122,2.4267039346046406,2.4926635100544434,2.8794601926199057,1.8674887403052858,2.5202875203987096,0.0,3.2065174794900035,3.047476445830061,3.901856442082782,2.9285913888795028,3.0945751257424154,3.325061118424412,2.022067047800332,2.042130233671274,2.5020255197669576,1.3277474884077667,3.190839102981874,3.389692359974866,2.7261219106962793,2.6295769834215745,2.121038374832499,2.3976080220407607,1.3277474884077667,3.083655917362896,1.9976878754757768,3.049970257840558,3.421860845205037,2.7447380665663608,3.0475454127029438,4.119742207396196,2.9488114437905337,3.4658211945812765,3.20124709082431,3.6185550559434585,2.817985450925805,3.9283831757024403,2.3024546054434634,2.9214214185714016,3.3561630899166737,1.1690552459583123,1.9712261808582563,1.3277474884077667,2.3269646393071377,2.2996051648584688,3.1840495114167764,2.1712395218798837,2.4939198549478503,2.4275895722145706
3.0207827641977585,4.369063688893567,4.522191004199353,3.2692843938647664,3.0207827641977585,3.631795666846751,3.5953897025265267,3.9638345189545516,4.303930053609156,3.4982326880178825,3.539204409926169,3.273439959998429,4.106873738845372,4.337845455390348,3.736058049553203,3.355376731351133,3.783612455572762,3.71836069867206,3.2272814575870234,3.314135243970462,3.1148956347073717,4.008164102205645,3.577427262203633,3.6781449323366453,3.7902893753540328,3.4091455984153165,3.7033585628412085,3.2065174794900035,0.0,3.7184379960189347,4.657230009277847,3.759853812691567,3.7597314248804516,3.714837356467191,3.420493259465499,3.4220607932776703,3.581296202709854,3.0207827641977585,3.67938701111677,3.7270771130166085,3.4876937668923103,3.8433880250040184,3.5616616757964135,3.3734705325130725,3.0207827641977585,3.8224672572288054,3.450400968101323,3.889553134158708,4.244985017724379,3.710055375478536,3.6672702500704277,3.812994238368286,3.873932559270659,3.155305213774818,3.560917191909937,3.7353298266115744,3.776539207228727,4.701013428662271,3.616397072776078,3.7897752180856363,3.969560805604641,3.1709025774429396,3.5023448232515593,3.0207827641977585,3.6879366320729665,3.5387067902994316,4.075173313183077,3.4477843890881226,3.7046231792017434,3.5259657386677716
2.9591945509125486,4.286186475184287,4.482342874226983,3.2321074858256718,2.9591945509125486,3.6411722014253813,3.3149061835924902,3.987539875421518,4.288038289501466,3.243763941086354,3.7081828697210804,3.387460099451763,4.138436924416196,4.425794816710508,3.5201245994215684,3.5357568795448975,3.8565443612954295,3.646459732944621,3.8227560764955753,2.9526815712150167,3.0849802033485356,3.8069294123498443,3.4935293240705882,3.750881717835085,4.053679004222691,3.2996291833445954,3.7531411875599083,3.047476445830061,3.7184379960189347,0.0,4.721600659626268,3.9325932148720897,3.997877895300702,3.8110076586686215,3.3911325671233405,3.3483849349303973,3.73006514476191,2.9591945509125486,3.343764667911053,4.009901196260308,3.8493802625112123,3.874880120861723,3.6201431238765807,3.418748302883311,2.9591945509125486,3.995744581988564,3.3511735555767337,3.974027858507549,4.344042081858911,3.723334697635213,3.8557146889238494,4.406872904969069,4.08180453556277,4.014558878727182,3.838412432090812,3.930215378247161,3.994495157014013,4.653464005246598,3.69124577808709,3.7313638202618593,3.8316620422687624,2.960285538573531,3.4362409704623107,2.9591945509125486,3.776572643398847,3.3573718131800794,4.140801057932835,3.460793030142832,3.8299388972056967,3.5220323674508376
3.7087642021022056,4.742763803938811,4.84516914464277,3.8472981723489985,3.7087642021022056,4.281222580659457,4.249483972049317,4.504380071442863,4.8344663553472245,3.996117697874081,4.317413880379459,4.17871806533936,4.593771373325826,5.111419881322394,4.274318904914885,3.8062976629995813,4.443961403886772,4.2920404957447555,4.35809841911294,5.0095011650587535,3.9150886268533553,4.682122894447715,4.280914550119837,4.378750817114612,4.0720680382790055,4.091739143965471,4.312473056960008,3.901856442082782,4.657230009277847,4.721600659626268,0.0,4.347923332393985,4.5231919327375865,4.69442189391763,4.084035883135062,3.9980270788291556,4.225515495622016,3.7087642021022056,4.88760087390547,4.592232242602251,4.241119239789686,4.139901378534763,4.167590583894515,4.0269868212999,3.7087642021022056,4.3805215245570475,4.072475276049064,4.57128576831288,4.718443408965781,4.55097666852522,4.5254771969315595,5.387877672693557,4.540410233448747,4.683328628977399,4.67940400300726,4.800523350934443,4.2495611883051065,5.253806051302136,4.19408911218478,4.665417880278111,4.93241699911893,3.803641956706999,4.054750695011845,3.7087642021022056,4.2065747336615384,4.266106937905749,4.6628388954212445,4.1604058361135525,3.8450199961318603,4.39098715102996
2.673237844036145,3.7436218594946924,3.879452299771574,2.94327515705714,2.673237844036145,3.324073173209998,3.212324614167851,3.718818097777564,4.0782790302891225,3.0494978249561977,2.4075093229650815,2.411153775705961,3.9186286242651622,4.338292778264868,3.35690643962203,2.754902637351313,3.5421502687912274,3.4818719174638155,3.134085905715481,3.9650930610997532,2.8656610341467643,3.7102020142539627,3.205481407799339,3.501890321933155,2.8814605637637554,3.0917723275698235,3.3072200670790153,2.9285913888795028,3.759853812691567,3.9325932148720897,4.347923332393985,0.0,3.6209331037956503,3.8327904498809326,3.019933612539146,3.03253671929798,3.276562184237549,2.673237844036145,3.924539216528269,3.7969457505892734,2.4576400974839574,3.5059552203966753,3.2051641956636163,3.361700306567035,2.673237844036145,3.5986256098962044,3.0692873950403103,3.521486993727381,3.988035911866948,3.707724675182899,3.427404846047842,4.436017873016751,3.748526968298618,3.818869808712875,3.2726708144467778,4.264771036750808,3.4692888633785075,4.359820008809106,3.222349585625258,3.6921181044197477,4.018633418243299,2.7834733529601325,3.335748695047729,2.673237844036145,3.24823877217273,3.411419828856276,3.499496304588546,3.1249751311458835,2.8979184668873685,3.2196018507145014
2.8166238335649476,4.225777432774541,4.442413823494383,3.0530160780986635,2.8166238335649476,3.3935461384405925,3.3516889067534246,3.5605834452933194,4.194937231082803,3.240068362302904,3.4174172459686676,3.202981913445367,3.8851455518518434,4.507321279509524,3.2667003080681787,3.351432066873487,2.8556137669517723,3.6015716890871414,3.5470056345552283,3.993298822017294,2.9880915357562645,3.935293421000953,3.386297107209852,3.494759299264127,3.7573059667503,3.233511329686628,3.3068076634629935,3.0945751257424154,3.7597314248804516,3.997877895300702,4.5231919327375865,3.6209331037956503,0.0,3.940834122692997,3.1864733864748795,3.287402401014472,3.488829604790737,2.8166238335649476,4.096180203894198,4.341881897241397,3.551604904452639,3.5614855795412477,3.3580832474518547,3.4741717742804292,2.8166238335649476,3.853368188025503,3.1634498940016957,3.9732348101928077,4.357396467636663,3.8413891051478464,3.8201542117152427,4.687853283391148,3.743363620191303,4.05213809421713,3.9312215195079787,3.9765541377869553,3.8598005886826163,4.854175029239398,3.4672325546727643,3.530651488817064,3.468353660140454,2.9059060351046155,3.361285753435855,2.8166238335649476,3.533734421619795,3.5319249725683126,4.06341230561764,3.076283160020443,3.499161806403827,3.604620776015034
3.138622124023713,4.129668924992715,4.3574624844863665,3.324404838118111,3.138622124023713,3.750196977244306,3.6467448040159263,4.049643261748556,4.4637516409956195,3.4996904710494037,3.5577552960456913,3.538146237731181,4.021288282416301,4.658819007339253,3.7195783508263465,3.6577444876828746,3.910464229607147,3.7975928344609757,3.8122747482427113,3.863179046472677,3.235891103882395,4.266532975195025,3.666447049765329,3.7000968962778997,4.050005359312911,3.4094275089483106,3.705654049362931,3.325061118424412,3.714837356467191,3.8110076586686215,4.69442189391763,3.8327904498809326,3.940834122692997,0.0,3.5961564031670306,3.7047368075657507,3.4620570625941776,3.138622124023713,3.8624598023573586,4.3627564569469515,3.7244960359733765,3.9041880335570593,3.6777335554197523,3.565229490317321,3.138622124023713,3.9463222669485636,3.48139197690021,4.2070548775528875,4.313347993704185,4.000635612474271,3.5310395713093747,2.7889563801919386,4.14453287494965,4.278585384479449,4.052440977924202,4.427676939958379,4.139968528021381,4.79268365521325,3.746286064068671,4.0510013734363985,4.271011883570088,3.213885224692052,3.6087567600813704,3.138622124023713,3.7064059405880445,3.7335971592001647,4.307488253480925,3.4909600073495395,3.89546780432518,3.6987033745433906
1.881876223997419,3.7717383066296075,4.044127003403378,2.254039852514781,1.881876223997419,2.0191332106520217,2.07213184451105,3.2442064706034777,3.6147782946133433,2.1722839160088934,2.920713550288652,2.599667776445607,3.483875418570788,3.591322612040177,2.7180777257128943,2.4432232249101076,3.199515538292332,2.284597059869186,3.077068211752195,3.656447206441714,1.8693993478008413,3.538824464301972,2.703898877158802,2.8176920445219182,3.000296411206113,2.4109191988275342,2.850195294697947,2.022067047800332,3.420493259465499,3.3911325671233405,4.084035883135062,3.019933612539146,3.1864733864748795,3.5961564031670306,0.0,2.412508785027706,2.7609667885027402,1.881876223997419,3.548285287608108,3.652423581559262,2.8770295112455924,2.8223872491818427,2.3876819539061063,2.614674167565962,1.881876223997419,3.3661730427756833,2.447554274615692,3.270924952937803,3.7236264146752784,3.1023356384168723,3.2195819373063923,4.317825027329038,3.211468707375176,3.727494751567715,3.395451333868339,3.8447357929064694,3.236978058164391,4.126915191626139,2.6823062640356246,3.0140696142325605,3.479780564204806,1.8328376845861731,2.674918326989048,1.881876223997419,2.7648849489330987,2.8555242346979517,3.251338598833811,2.440869730853756,2.6149623246212106,2.81457668940964
1.952572524620145,3.683059931422507,4.012025477757706,2.2752766771774406,1.952572524620145,2.8836833053575033,2.6648451161909805,3.3650655988234632,3.7550287006078062,2.341376797120712,2.8451932528717427,2.186980895984595,3.6663569732425,3.9980922024205165,2.6543707897415665,2.521851407271022,3.05220615487408,2.861931056152716,2.99949735195812,3.71853372104849,2.176393406906677,3.4794252693312915,2.7534427704198436,2.980130668080953,3.002281606523068,2.5366003441751044,2.933598474712584,2.042130233671274,3.4220607932776703,3.3483849349303973,3.9980270788291556,3.03253671929798,3.287402401014472,3.7047368075657507,2.412508785027706,0.0,3.003429231789279,1.952572524620145,3.4046217553986664,3.553674450439356,2.792757305300451,3.057425662337739,2.686769461681013,2.6424120153973654,1.952572524620145,3.3391809734511844,2.5453747222987997,3.363093552772865,3.6861072086779805,3.10320020138734,3.0931572365132327,4.410422502492016,3.206197409566766,3.3132665642466597,3.1598482808737405,3.713192978121137,3.1534127713989064,4.2389340818188375,2.779818302487083,3.099646887580503,3.614211841814655,1.7417240941744554,2.529855529000152,1.952572524620145,2.8254770748922913,2.6510134351451566,3.4137480115430563,2.6677188101882137,2.7022078944910435,2.8052331639449504
2.3064505754763673,3.9533905635140227,4.31523618611806,2.5062308556839596,2.3064505754763673,3.0892033551928275,2.880631451782041,3.5331185468568473,3.69795709605759,2.8391639213772786,3.281338951369188,2.9115421846055614,3.6683785420379715,4.119165621085083,3.0741076233209195,2.6979423105628264,3.3136778736942367,3.1440935588881076,3.2102782321384855,3.8899705210770135,2.548212528165943,3.8830035623166896,3.227122060741735,3.1191449737339596,3.467508301415373,2.7273215609159926,2.863700111887028,2.5020255197669576,3.581296202709854,3.73006514476191,4.225515495622016,3.276562184237549,3.488829604790737,3.4620570625941776,2.7609667885027402,3.003429231789279,0.0,2.3064505754763673,3.786682196526264,3.893959173542816,3.195619125550034,2.9124644996179776,2.840275105174316,3.0589660620408767,2.3064505754763673,3.600694670261922,2.5969429746806942,3.385389786257738,3.9586564151074755,3.3370255932460253,3.5568473720992206,4.283125427874581,3.4117992333110005,3.940001740269339,3.5973090095119566,4.147682455274383,3.5552298351227787,4.345688269531517,2.9220683044076323,3.370563726846332,3.7462479032855827,2.443008028033908,2.9032285982416886,2.3064505754763673,3.207094355792242,3.200646567049938,3.7274985332019916,2.6711421411059533,2.8161938663506088,2.8593639810640754
0.0,3.3647581737203005,3.665060167268518,1.5155230107553674,0.0,2.255466018817442,2.068029095127878,2.8051791745140884,3.2694643847661196,1.6679112568536933,2.5202601262997675,2.061836329984501,3.022017445298834,3.619317604860279,2.2110560936812074,1.9889105786718966,2.5965871610167217,2.4115833038785275,2.6195234658143147,3.3165774980600307,1.3839004021782477,3.055306256717937,2.21453879132812,2.3090763470227054,2.725407533225752,1.7940321926234168,2.282790480408638,1.3277474884077667,3.0207827641977585,2.9591945509125486,3.7087642021022056,2.673237844036145,2.8166238335649476,3.138622124023713,1.881876223997419,1.952572524620145,2.3064505754763673,0.0,3.115487115688522,3.270883651005464,2.5011826248398163,2.4436436014840073,2.045782982405954,2.189559884378563,0.0,2.9018077795875064,1.7159979415111135,2.8333445739138616,3.3265620777649145,2.6198291941194096,2.8419135589174975,3.942655897649624,2.8164984354242297,3.3103700041677424,3.018833366258217,3.42145073216988,2.7952560302632325,3.804836915331366,2.128237889763953,2.654491914409866,3.1017480450628305,1.0722070785324227,2.039903365142872,0.0,2.171387545092447,2.276122182190524,2.9941650061262446,1.9350074704430789,2.2808153037443426,2.2763620429694176
3.115487115688522,4.26194558614333,4.3642265863503305,3.2930616002701267,3.115487115688522,3.6143227163244642,3.5837645570953987,3.867986211700603,4.150630599552389,3.4251875736884743,3.654776273733664,3.566922270848544,4.26077028638365,4.709345605678576,3.81586561923736,3.623680846128642,4.116725549344597,3.802782544855899,3.672045553182751,3.6055408997198355,3.2078614281359314,3.971130489795515,3.66725079184396,3.7652023281326508,3.9220586862020372,3.3456329305632906,3.705932403872014,3.190839102981874,3.67938701111677,3.343764667911053,4.88760087390547,3.924539216528269,4.096180203894198,3.8624598023573586,3.548285287608108,3.4046217553986664,3.786682196526264,3.115487115688522,0.0,3.7476220883942633,3.6355962123021874,3.8894966203252146,3.5659878217504173,3.49882060020446,3.115487115688522,3.9073490490673777,3.4817622297422366,4.067027492495771,4.430361327403754,3.987592852606852,3.9098396422323356,4.39808465901838,4.146603080236087,3.721893203706317,3.7651398217276086,4.312259866834536,3.859623960956912,4.698823554373858,3.7634764622544457,3.923487471334918,4.1238452513359904,3.1534598843430164,3.623610923172419,3.115487115688522,3.6566930837013345,3.416472310924068,4.0133767140520025,3.5235143864890017,3.8765678071626506,3.556280152729441
3.270883651005464,4.47852495132766,4.503029810140177,3.53215014093061,3.270883651005464,3.722133215047661,3.7942877765750285,4.190737393282005,4.485577608227603,3.543916159663542,3.7369496722116633,3.55529091819918,4.300727793816815,4.7625113758038475,4.039514881735454,3.615110742460291,4.117323689137419,3.9438011009468403,3.980073119865926,3.905788550472674,3.476111552177362,3.824695589279813,3.73338292835734,3.927986081425992,3.8478151118629262,3.58985221963309,3.8854164394959962,3.389692359974866,3.7270771130166085,4.009901196260308,4.592232242602251,3.7969457505892734,4.341881897241397,4.3627564569469515,3.652423581559262,3.553674450439356,3.893959173542816,3.270883651005464,3.7476220883942633,0.0,3.5649187100177957,3.937568233456632,3.787969002668458,3.743947064360467,3.270883651005464,3.9302260843236705,3.5135240513924653,3.8240778779715243,3.9941236162487512,3.9445283233351733,3.624242348943405,4.3308210247374275,3.868696461852018,3.632628916471796,3.5367477969669276,4.121821873108214,3.795075142869294,4.643331997314945,3.921895574075488,4.171817219324017,4.299676853342314,3.387910523604519,3.7367149156223474,3.270883651005464,3.8225599338903966,3.7914396354614626,3.889723882855606,3.695561163613911,3.8089869982725224,3.858785694411154
2.5011826248398163,3.89347381657878,4.033867824222515,2.820151196488301,2.5011826248398163,3.101773895253057,3.149230854868752,3.5775166999114867,4.047028227152896,2.9417997707128016,2.672395693270788,2.427425935779452,3.8378463037999446,4.273344409348116,3.2785293966853475,2.8107744861465656,3.4799730638497772,3.3417973832845056,2.8726166205326624,3.973533299871262,2.717800326230964,3.439782644646291,3.030807885485319,3.311223096069851,2.8558208668196596,2.970678176612028,3.2142305678098397,2.7261219106962793,3.4876937668923103,3.8493802625112123,4.241119239789686,2.4576400974839574,3.551604904452639,3.7244960359733765,2.8770295112455924,2.792757305300451,3.195619125550034,2.5011826248398163,3.6355962123021874,3.5649187100177957,0.0,3.418238195796406,3.0568108706238877,3.26881071061365,2.5011826248398163,3.5228353402653103,3.0314406416576767,3.591459319900826,3.472569888997121,3.5639079258410833,2.9866502766932332,4.212796975781341,3.712766485513223,3.566547629238696,3.0722041747355897,4.018674250675873,3.302585596011533,4.399994142445149,3.125121593880415,3.5474027120856926,3.8874141093276906,2.620200928544576,3.1381081210815154,2.5011826248398163,3.1831056495297214,3.218345779333762,3.2532983698901186,3.0056837769983087,2.999494861417911,3.2683851649567615
2.4436436014840073,4.049318579595367,4.231622964191499,2.359712072131583,2.4436436014840073,3.2874348083772946,2.9364267830321706,3.565838398704773,3.9043195195116143,2.844106274439051,3.334880463282011,3.0742407358356423,3.6544095787372837,4.2368270819976335,3.077208822362969,2.949798703323775,3.4515274494891153,2.989465090352392,3.4846864764591023,4.076091956137199,2.62421720827363,3.903208623187526,3.21983219483791,2.9826650426364636,3.6064600369896564,2.7381673019555692,2.825387098084771,2.6295769834215745,3.8433880250040184,3.874880120861723,4.139901378534763,3.5059552203966753,3.5614855795412477,3.9041880335570593,2.8223872491818427,3.057425662337739,2.9124644996179776,2.4436436014840073,3.8894966203252146,3.937568233456632,3.418238195796406,0.0,3.0324772815732794,3.2710346999333977,2.4436436014840073,3.6629985355142565,2.554676981926647,3.582335730066955,4.025573834915372,3.5621086664694257,3.7267590118289338,4.548251291387443,3.6244202230568403,3.9561335534209423,3.774730537533088,4.1658910419443504,3.7068518544556985,4.388483234503962,3.0462986430595294,3.4622490731859297,3.7437314853482895,2.4129127924182976,2.9800652298749473,2.4436436014840073,3.152607311381964,3.220738000081659,3.691509511588855,2.372912592637433,3.0753653986193346,3.1067785764643485
2.045782982405954,3.850211211042873,4.113229400272816,2.0455655966809907,2.045782982405954,2.5618493586206803,2.5510199502908923,3.204911541382278,3.6564580059867318,2.527240719253348,3.134043590343729,2.842871776155778,3.298705977479193,3.857723930293207,2.827062580260826,2.512401458201195,3.1399321545805687,3.017753193527821,3.242395354506626,3.9139684159633505,2.155755228103764,3.6660342467674623,2.932755870146883,2.9703791406194586,2.96124422921012,2.3556690968125045,2.629383363993818,2.121038374832499,3.5616616757964135,3.6201431238765807,4.167590583894515,3.2051641956636163,3.3580832474518547,3.6777335554197523,2.3876819539061063,2.686769461681013,2.840275105174316,2.045782982405954,3.5659878217504173,3.787969002668458,3.0568108706238877,3.0324772815732794,0.0,2.516290880016066,2.045782982405954,3.472310370420273,2.4384656905800997,3.2605952998728425,3.806652082310451,3.0915902813447147,3.2756990222575437,4.423386556888599,3.24794678175727,3.9017424055690824,3.3735950227401954,4.079019186585885,3.1356790053328796,4.216514719209082,2.748496022683681,3.2376340390029315,3.6451547927839996,2.0370968341699096,2.7297257461423974,2.045782982405954,2.5056593109216228,2.737313373045946,3.410426627055378,2.427005710942116,2.620718692951824,2.9182005246967275
2.189559884378563,3.9147520017052555,4.107361569108551,2.3477014193115893,2.189559884378563,2.834112495094051,2.88261056509457,3.2992797272453007,3.8739208534491993,2.5265007635972863,3.104420470246785,2.9280362350083813,3.616429206164701,3.961344144122623,2.9093165836485713,2.8977458674924015,3.459124056295763,3.095084102905566,3.418494712852572,3.6437212293195973,2.2811446063340637,3.5662053607680133,3.030296337363005,3.069333878683787,3.2736382396180783,2.6870946082993803,3.025236710290487,2.3976080220407607,3.3734705325130725,3.418748302883311,4.0269868212999,3.361700306567035,3.4741717742804292,3.565229490317321,2.614674167565962,2.6424120153973654,3.0589660620408767,2.189559884378563,3.49882060020446,3.743947064360467,3.26881071061365,3.2710346999333977,2.516290880016066,0.0,2.189559884378563,3.5327325048792777,2.6920838799058173,3.4868957349585976,3.904582966188817,3.2292299754820353,3.327434524424911,4.37224655926684,3.569658747635556,3.4724764671222217,3.6535470361014446,3.6850472055251746,3.246842620578727,4.254763390052266,3.0581675041792082,3.289330225250746,3.6257735229537724,2.2079057913242126,2.8751430235255038,2.189559884378563,2.954904214615291,2.7556213768587914,3.4945672340282554,2.790574463144444,3.015345221137961,3.182055220959144
0.0,3.3647581737203005,3.665060167268518,1.5155230107553674,0.0,2.255466018817442,2.068029095127878,2.8051791745140884,3.2694643847661196,1.6679112568536933,2.5202601262997675,2.061836329984501,3.022017445298834,3.619317604860279,2.2110560936812074,1.9889105786718966,2.5965871610167217,2.4115833038785275,2.6195234658143147,3.3165774980600307,1.3839004021782477,3.055306256717937,2.21453879132812,2.3090763470227054,2.725407533225752,1.7940321926234168,2.282790480408638,1.3277474884077667,3.0207827641977585,2.9591945509125486,3.7087642021022056,2.673237844036145,2.8166238335649476,3.138622124023713,1.881876223997419,1.952572524620145,2.3064505754763673,0.0,3.115487115688522,3.270883651005464,2.5011826248398163,2.4436436014840073,2.045782982405954,2.189559884378563,0.0,2.9018077795875064,1.7159979415111135,2.8333445739138616,3.3265620777649145,2.6198291941194096,2.8419135589174975,3.942655897649624,2.8164984354242297,3.3103700041677424,3.018833366258217,3.42145073216988,2.7952560302632325,3.804836915331366,2.128237889763953,2.654491914409866,3.1017480450628305,1.0722070785324227,2.039903365142872,0.0,2.171387545092447,2.276122182190524,2.9941650061262446,1.9350074704430789,2.2808153037443426,2.2763620429694176
2.9018077795875064,3.8388322688566374,4.010882368662631,3.144658719779284,2.9018077795875064,3.5015255165988437,3.46813188705967,3.957005148156754,4.154232210802644,3.2404597421760286,3.358924140320021,3.323788974150171,4.229675578476958,4.647893956468804,3.6637811276595085,3.2479653397328674,3.74726157558388,3.6677249597175527,3.2983937409291104,4.254558295242463,3.144483507645001,3.902339026075469,3.6490433942103686,3.6443924849427796,3.7421040236944183,3.2477447396652557,3.5256576725636486,3.083655917362896,3.8224672572288054,3.995744581988564,4.3805215245570475,3.5986256098962044,3.853368188025503,3.9463222669485636,3.3661730427756833,3.3391809734511844,3.600694670261922,2.9018077795875064,3.9073490490673777,3.9302260843236705,3.5228353402653103,3.6629985355142565,3.472310370420273,3.5327325048792777,2.9018077795875064,0.0,3.2464091176025605,3.9770182432176795,4.289106178278768,3.9811011013160282,3.897868935402039,4.493251175356741,3.9733583490472726,4.040187379707428,3.9173180714343756,4.445645228676572,3.6427917790669926,3.595940196690904,3.6298884378904512,3.880223192871375,4.0870129367662695,2.93057686353072,3.4812479555578477,2.9018077795875064,3.47319366648115,3.569366100614033,3.944466151982947,3.3333530903916553,3.435473579473682,3.574470500950931
1.7159979415111135,3.715553487860303,3.731858566347791,1.9684116507450922,1.7159979415111135,2.509287065667435,2.4546283480968762,3.336689680824417,3.566477118641158,2.1663579473787085,2.5995794860516246,2.626630566993233,3.319583835111976,3.9849663162328213,2.8161053048709417,2.4465867005281217,3.018614252226407,2.6888995810308876,2.950143761001872,3.621445392315083,2.0257257451148507,3.5746219755152295,2.6510177263101955,2.74692171575762,3.05744402442528,2.1157221748604185,2.47887961747963,1.9976878754757768,3.450400968101323,3.3511735555767337,4.072475276049064,3.0692873950403103,3.1634498940016957,3.48139197690021,2.447554274615692,2.5453747222987997,2.5969429746806942,1.7159979415111135,3.4817622297422366,3.5135240513924653,3.0314406416576767,2.554676981926647,2.4384656905800997,2.6920838799058173,1.7159979415111135,3.2464091176025605,0.0,2.648242546504387,3.7419511540382056,2.959770291103007,3.3545613264814285,4.284680313987231,3.121357621958977,3.685218867002441,3.4355577389024834,3.832907630875607,3.015377554670797,3.977370592862877,2.6626053157446266,2.9771120699236353,3.2132566546893777,1.8057562067668862,2.5406995250980433,1.7159979415111135,2.559302962549514,2.746500676586196,3.394593054701993,2.2912342987432437,2.716139556295286,2.5779317941458655
2.8333445739138616,4.244684469125205,4.3162912952806805,3.090072510076147,2.8333445739138616,3.507216714126225,3.4041681588462103,4.048929087213581,4.060420506361327,3.119630103147964,3.3706118423547755,3.421535355304592,3.6644866554573685,4.227347404454542,3.6641107057799536,3.266657688444389,3.7973964867877807,3.5464579599314,3.7515774703114926,4.1155311952021485,3.0998182445505478,4.014758489757346,3.58758830297454,3.588762554629662,3.588191476466938,3.2260591543068964,3.328925527646584,3.049970257840558,3.889553134158708,3.974027858507549,4.57128576831288,3.521486993727381,3.9732348101928077,4.2070548775528875,3.270924952937803,3.363093552772865,3.385389786257738,2.8333445739138616,4.067027492495771,3.8240778779715243,3.591459319900826,3.582335730066955,3.2605952998728425,3.4868957349585976,2.8333445739138616,3.9770182432176795,2.648242546504387,0.0,4.0946946436370935,3.429221963658201,3.8458478263284284,4.659926178378455,3.6330813601166114,4.214795347454343,3.9365496726933764,4.289326515745808,3.7203717538256247,4.624621275932729,3.4428622736694585,3.7843593530959017,3.9373402604400223,2.9709304829817897,3.385185870480118,2.8333445739138616,3.3318656300658365,3.633566093616277,3.906947922162945,3.2523056259075487,3.3606284372511026,3.40360790086104
3.3265620777649145,4.690664942664607,4.849258111950071,3.6234964761811947,3.3265620777649145,3.9233920376472806,3.8858931132108108,4.0166614658050435,4.453198366332978,3.6980101774140905,3.908542496939914,3.7337130057256696,4.277474284141997,4.592416581117053,3.938922264618707,3.755640454050849,4.077462480631548,3.9852244171675686,4.184879318037036,4.552084538629574,3.61752753529237,3.7091257690487667,3.8043774819237504,4.004631168959798,3.8724057404266707,3.6901913914109135,3.9722618916954775,3.421860845205037,4.244985017724379,4.344042081858911,4.718443408965781,3.988035911866948,4.357396467636663,4.313347993704185,3.7236264146752784,3.6861072086779805,3.9586564151074755,3.3265620777649145,4.430361327403754,3.9941236162487512,3.472569888997121,4.025573834915372,3.806652082310451,3.904582966188817,3.3265620777649145,4.289106178278768,3.7419511540382056,4.0946946436370935,0.0,3.9637400532345146,3.818652378326349,4.83339156597202,4.137695919710954,4.574404170448589,3.9948341348761067,4.525208821420585,3.90715985204928,4.859284492308488,3.90740201989181,4.307799049171417,4.461894071270651,3.365570038891333,3.721918715071728,3.3265620777649145,3.7038399632578,3.6657016746462427,3.9661239101507126,3.7253218628804374,3.9495478264033896,3.888253311099967
2.6198291941194096,4.130058538691413,4.432769559484384,2.860809447956275,2.6198291941194096,3.2602631192855047,3.2232259381422015,3.7125912351759047,4.0599588858866476,3.1296593939482955,3.449010865297096,3.1314308736316097,3.606535790909655,4.065789839915316,3.174617027359559,3.0402129596109644,3.557885500943182,3.419746068299534,3.7803569988338346,3.974282300041198,2.8716120887843695,3.94004651875804,3.3619806078598473,3.4843296509447543,3.651636662307667,3.028776904565954,3.3459542190029983,2.7447380665663608,3.710055375478536,3.723334697635213,4.55097666852522,3.707724675182899,3.8413891051478464,4.000635612474271,3.1023356384168723,3.10320020138734,3.3370255932460253,2.6198291941194096,3.987592852606852,3.9445283233351733,3.5639079258410833,3.5621086664694257,3.0915902813447147,3.2292299754820353,2.6198291941194096,3.9811011013160282,2.959770291103007,3.429221963658201,3.9637400532345146,0.0,3.7552080572321325,4.534807370117144,3.550660770551573,3.988872278574376,3.582496630304781,4.230455082888608,3.7380046140134944,4.430700315756898,2.9428495738380906,3.636782082434672,3.965267750024219,2.7196244425887333,3.2505056238257297,2.6198291941194096,3.1950788176115377,3.362085225978221,3.9578083712602266,3.1315660788823596,3.3081576707998726,3.3674099979981778
2.8419135589174975,4.0738703159322025,4.248227944616034,3.0205801233997938,2.8419135589174975,3.3603582299185772,3.4521333029903567,3.797440757916337,4.280418519875861,3.2707165942752434,3.2950338548642084,2.9845317838158762,3.9509305557149923,4.326728459727868,3.4315149413991715,3.4199659813017083,3.708521020697521,3.6075457330108476,3.8138457684178473,4.031990409849514,2.975063702592419,3.961492535597503,3.416440495043074,3.490676031491824,3.377293444578814,3.168448315239623,3.690532524292006,3.0475454127029438,3.6672702500704277,3.8557146889238494,4.5254771969315595,3.427404846047842,3.8201542117152427,3.5310395713093747,3.2195819373063923,3.0931572365132327,3.5568473720992206,2.8419135589174975,3.9098396422323356,3.624242348943405,2.9866502766932332,3.7267590118289338,3.2756990222575437,3.327434524424911,2.8419135589174975,3.897868935402039,3.3545613264814285,3.8458478263284284,3.818652378326349,3.7552080572321325,0.0,3.4993933347589072,3.688515564625578,3.817696331922812,3.5601133243491185,3.9772759457756317,3.697801428615708,4.568913898430398,3.495063193014709,3.7496616628147907,4.190820223383388,2.965206819368514,3.3900016932446886,2.8419135589174975,3.2337930782183397,3.265504751329717,3.798641331103595,3.316854223357473,3.4721214167589136,3.5575759389735944
3.942655897649624,4.702682486688853,4.773796386970289,4.183683010221222,3.942655897649624,4.374647346819157,4.401456017850264,4.724287605609367,5.132358329942528,4.2138500826684,4.199456724570476,4.165020593368538,4.645654391764462,5.06878997588847,4.606994358677619,4.394777346611611,4.530778411003955,4.579069765996649,4.392418617151538,4.08860683661862,4.088790174100433,4.63678535510453,4.424645936373732,4.455688525751314,4.524202630172767,4.086093708628241,4.449865637642524,4.119742207396196,3.812994238368286,4.406872904969069,5.387877672693557,4.436017873016751,4.687853283391148,2.7889563801919386,4.317825027329038,4.410422502492016,4.283125427874581,3.942655897649624,4.39808465901838,4.3308210247374275,4.212796975781341,4.548251291387443,4.423386556888599,4.37224655926684,3.942655897649624,4.493251175356741,4.284680313987231,4.659926178378455,4.83339156597202,4.534807370117144,3.4993933347589072,0.0,4.629346342536696,4.397506113544504,4.350787918367055,4.76385823727279,4.553918754349173,5.121229706421638,4.430079083986537,4.68582670856779,4.81740637691945,4.080446295193432,4.371251731162836,3.942655897649624,4.437509145463893,4.3349579365897455,4.765534179766754,4.1981234657748825,4.616785337843564,4.306635921877377
2.8164984354242297,4.1990915967961735,4.47340820798964,3.1716535700261725,2.8164984354242297,3.5281989192776035,3.2359032916593127,3.905165405503474,4.164335633188567,3.132282284235427,3.5386322751964916,3.2911263780848174,3.868270900123849,4.325399411200819,3.4368215194739813,3.280908369760181,3.4476711862677534,3.5244008733737924,3.746811103920786,4.190307663319697,3.0240706007986486,4.126848006519134,3.5012182967862695,3.438973371875845,3.6603753876108556,3.0904666994054844,3.447924744216859,2.9488114437905337,3.873932559270659,4.08180453556277,4.540410233448747,3.748526968298618,3.743363620191303,4.14453287494965,3.211468707375176,3.206197409566766,3.4117992333110005,2.8164984354242297,4.146603080236087,3.868696461852018,3.712766485513223,3.6244202230568403,3.24794678175727,3.569658747635556,2.8164984354242297,3.9733583490472726,3.121357621958977,3.6330813601166114,4.137695919710954,3.550660770551573,3.688515564625578,4.629346342536696,0.0,4.204245391353077,3.8129384345660697,4.135499320807444,3.831941917778342,4.734940777085081,3.443231579775816,3.7060660252462516,3.980402984273156,2.8868033205644665,3.5012986100702954,2.8164984354242297,3.2514982405113284,3.386477290501435,3.8392379682620463,3.379115965337388,3.479197686296095,3.438464215962665
3.3103700041677424,4.4573352327639,4.5992041018436085,3.600380350929901,3.3103700041677424,3.8868441639864018,3.9107956409798144,4.330775200485542,4.486973887538689,3.578672091310721,3.618126953868583,3.234578750249086,4.461942956905617,4.5927214893938695,3.966972328469927,3.7141654591415185,4.117914555851807,3.98870045698424,3.6665357446179137,3.929213733238448,3.3978244565622098,4.086150051660675,3.807196788160358,3.9579565705231534,3.7966289411177443,3.709281553369247,3.9482565753346024,3.4658211945812765,3.155305213774818,4.014558878727182,4.683328628977399,3.818869808712875,4.05213809421713,4.278585384479449,3.727494751567715,3.3132665642466597,3.940001740269339,3.3103700041677424,3.721893203706317,3.632628916471796,3.566547629238696,3.9561335534209423,3.9017424055690824,3.4724764671222217,3.3103700041677424,4.040187379707428,3.685218867002441,4.214795347454343,4.574404170448589,3.988872278574376,3.817696331922812,4.397506113544504,4.204245391353077,0.0,3.175458572619115,3.9275367163811015,4.162498575517992,4.858115159163839,3.842147421027581,3.9328925079287274,4.298697280770769,3.4226554287020594,3.6861116314309843,3.3103700041677424,3.930354630009973,3.84180666199763,4.202983890263996,3.7148414108029466,3.7973435003775378,3.8197130511662936
3.018833366258217,4.086534613385863,4.2507563241618245,3.3409017098059697,3.018833366258217,3.5615795160188766,3.519624225984975,4.280073140328717,4.274445878989802,3.4646230710709562,3.1464291190308478,2.8219141562216326,4.172350037447915,4.6984435596085765,3.6281733132066702,3.3941570434270774,3.656646497868162,3.692827338180646,3.561672387646222,3.9520202061308702,3.2416755241929733,3.9212079335157437,3.7386632867005685,3.774280854225623,3.394086532603762,3.3459226626632983,3.677104795958348,3.20124709082431,3.560917191909937,3.838412432090812,4.67940400300726,3.2726708144467778,3.9312215195079787,4.052440977924202,3.395451333868339,3.1598482808737405,3.5973090095119566,3.018833366258217,3.7651398217276086,3.5367477969669276,3.0722041747355897,3.774730537533088,3.3735950227401954,3.6535470361014446,3.018833366258217,3.9173180714343756,3.4355577389024834,3.9365496726933764,3.9948341348761067,3.582496630304781,3.5601133243491185,4.350787918367055,3.8129384345660697,3.175458572619115,0.0,4.105120650597051,3.796356084152407,4.511970024045743,3.6154432862274817,3.931568022743855,4.203734061756179,3.1571786023376416,3.4392180460879467,3.018833366258217,3.488733083625393,3.6556755243126,3.792743078521757,3.4524909860363415,3.5516128891196828,3.4375943428349895
3.42145073216988,4.6502488180216535,4.823756391527429,3.6440366825109076,3.42145073216988,4.030902810628341,3.9459247839164044,4.218242387774016,4.529518252507845,3.660176557203085,4.068788965243605,3.617808795449331,4.209917257970969,4.41657762259667,3.6510436760809837,3.910565687292927,3.690498162719827,4.046686696087806,4.191745172723128,4.265177443580756,3.5871913589788904,3.8957632619887397,3.9522683409991397,3.8924155256810447,4.090993126040462,3.8182714351945077,4.123292692629327,3.6185550559434585,3.7353298266115744,3.930215378247161,4.800523350934443,4.264771036750808,3.9765541377869553,4.427676939958379,3.8447357929064694,3.713192978121137,4.147682455274383,3.42145073216988,4.312259866834536,4.121821873108214,4.018674250675873,4.1658910419443504,4.079019186585885,3.6850472055251746,3.42145073216988,4.445645228676572,3.832907630875607,4.289326515745808,4.525208821420585,4.230455082888608,3.9772759457756317,4.76385823727279,4.135499320807444,3.9275367163811015,4.105120650597051,0.0,4.23860129744142,5.080795577497537,3.9510321311956758,3.967804076635328,3.943119177038693,3.494171927543656,3.9421987085056998,3.42145073216988,3.9866391581200884,3.5387478866038546,4.4252902462576715,3.8802336135124427,4.077959484035068,4.113259176580465
2.7952560302632325,4.171868887674588,4.082890099778679,2.976217322478865,2.7952560302632325,3.2453917690907748,3.31130317412899,3.6605872639994925,4.104134210183219,3.137179830999657,3.0997541092346568,3.2622851230964747,3.900290503280799,4.385900670750126,3.5994104949557304,2.628246024029218,3.552787541409935,3.6532139722313564,3.2439193227644134,4.190781852618881,2.9855807756760475,3.702626165786011,3.397334387943633,3.593299871640997,3.239911349079483,3.1205645327273315,3.4833402097726216,2.817985450925805,3.776539207228727,3.994495157014013,4.2495611883051065,3.4692888633785075,3.8598005886826163,4.139968528021381,3.236978058164391,3.1534127713989064,3.5552298351227787,2.7952560302632325,3.859623960956912,3.795075142869294,3.302585596011533,3.7068518544556985,3.1356790053328796,3.246842620578727,2.7952560302632325,3.6427917790669926,3.015377554670797,3.7203717538256247,3.90715985204928,3.7380046140134944,3.697801428615708,4.553918754349173,3.831941917778342,4.162498575517992,3.796356084152407,4.23860129744142,0.0,4.434246384274147,3.455764373100143,3.7789848057936894,4.091785781101709,2.8542418700784604,3.3547776492618637,2.7952560302632325,3.33253019951804,3.3667527904277113,3.80549988167081,3.3444198168728576,3.1103882823542555,3.3265696511239597
3.804836915331366,4.676574563587176,4.583350007629145,3.9408551480628073,3.804836915331366,4.19314092611059,4.1863569242708145,4.757765502320978,5.012855936034185,4.114808976628162,3.909218619175033,3.950002300395212,4.82525003558719,4.977302430733084,4.28245224078392,4.241911837927249,4.483069731845648,4.441371602318452,4.520262325059547,4.819788366069577,3.960635773561566,4.595105887530029,4.529129403883718,4.5048093725835185,4.393637962445594,4.071028534495304,4.3919668419622075,3.9283831757024403,4.701013428662271,4.653464005246598,5.253806051302136,4.359820008809106,4.854175029239398,4.79268365521325,4.126915191626139,4.2389340818188375,4.345688269531517,3.804836915331366,4.698823554373858,4.643331997314945,4.399994142445149,4.388483234503962,4.216514719209082,4.254763390052266,3.804836915331366,3.595940196690904,3.977370592862877,4.624621275932729,4.859284492308488,4.430700315756898,4.568913898430398,5.121229706421638,4.734940777085081,4.858115159163839,4.511970024045743,5.080795577497537,4.434246384274147,0.0,4.405560577201366,4.79837949978242,4.854448588654357,3.9266334664227824,4.212019985675558,3.804836915331366,4.3657700037004705,4.130005010450899,4.627021042560117,4.275496214277371,4.380805573227541,4.2417646917412934
2.128237889763953,3.864527832374701,4.199607499780672,2.359867195981899,2.128237889763953,2.821366852769362,2.8306510021844162,3.355919323419431,3.834128864912874,2.603047007308557,3.235654874524997,2.8283852221934866,3.368836575887814,3.9441645400629035,2.889958875384449,2.6900558705425115,3.1162819840584404,3.044285530188992,3.3048480961612436,3.9378667948630555,2.2900739106556185,3.753947519271729,2.9799808928635576,2.659644166819975,3.397930012151512,2.487939074311765,2.872463132356616,2.3024546054434634,3.616397072776078,3.69124577808709,4.19408911218478,3.222349585625258,3.4672325546727643,3.746286064068671,2.6823062640356246,2.779818302487083,2.9220683044076323,2.128237889763953,3.7634764622544457,3.921895574075488,3.125121593880415,3.0462986430595294,2.748496022683681,3.0581675041792082,2.128237889763953,3.6298884378904512,2.6626053157446266,3.4428622736694585,3.90740201989181,2.9428495738380906,3.495063193014709,4.430079083986537,3.443231579775816,3.842147421027581,3.6154432862274817,3.9510321311956758,3.455764373100143,4.405560577201366,0.0,3.3293441260142234,3.6631840447144626,2.2288238133861915,2.836273247778218,2.128237889763953,2.9238938879473126,2.9930134642134276,3.522528880542037,2.593511191911996,2.958534864912017,3.062438492449767
2.654491914409866,4.158110568943909,4.5433582303289874,2.907521652485202,2.654491914409866,3.3628451092332363,3.2231378767026384,3.5876211415714008,4.003042648884474,2.9603309079696327,3.598519691824197,3.0483625216009673,3.988035631583194,4.294895774444178,3.4461784330495173,3.1001286817933176,3.4386041022606135,3.365846045064123,3.5413148738512072,4.023407586098851,2.9286296517721064,3.8986351395744796,3.0185894716554027,3.436628668196732,3.5730337120954574,3.151884494375284,3.4319132604130607,2.9214214185714016,3.7897752180856363,3.7313638202618593,4.665417880278111,3.6921181044197477,3.530651488817064,4.0510013734363985,3.0140696142325605,3.099646887580503,3.370563726846332,2.654491914409866,3.923487471334918,4.171817219324017,3.5474027120856926,3.4622490731859297,3.2376340390029315,3.289330225250746,2.654491914409866,3.880223192871375,2.9771120699236353,3.7843593530959017,4.307799049171417,3.636782082434672,3.7496616628147907,4.68582670856779,3.7060660252462516,3.9328925079287274,3.931568022743855,3.967804076635328,3.7789848057936894,4.79837949978242,3.3293441260142234,0.0,2.877850704421728,2.6765059365729105,3.3818148171664104,2.654491914409866,3.4000096513404356,3.408166619913253,3.8803397927868213,3.0531976258307334,3.3292342247278044,3.434637949660339
3.1017480450628305,4.442004155254047,4.650555286504996,3.285648847461845,3.1017480450628305,3.5672385803966313,3.6168359680787687,4.092501216356461,4.320708000540459,3.340654875433987,3.7333775300189793,3.504734185711363,4.110060735338455,4.629562746962465,3.6105021763442435,3.6130976721505395,3.4519698698790937,3.6168912532278656,3.743029244306493,3.9250008618625,3.325409873718919,4.03412558891884,3.450095663367245,3.760961489990938,4.099570522809535,3.4059145357904486,3.8383687623104468,3.3561630899166737,3.969560805604641,3.8316620422687624,4.93241699911893,4.018633418243299,3.468353660140454,4.271011883570088,3.479780564204806,3.614211841814655,3.7462479032855827,3.1017480450628305,4.1238452513359904,4.299676853342314,3.8874141093276906,3.7437314853482895,3.6451547927839996,3.6257735229537724,3.1017480450628305,4.0870129367662695,3.2132566546893777,3.9373402604400223,4.461894071270651,3.965267750024219,4.190820223383388,4.81740637691945,3.980402984273156,4.298697280770769,4.203734061756179,3.943119177038693,4.091785781101709,4.854448588654357,3.6631840447144626,2.877850704421728,0.0,3.1831658170698756,3.7652215766742287,3.1017480450628305,3.739047703759738,3.7538147432253584,4.21013501464623,3.3879178397018643,3.828941163325583,3.772901779628611
1.0722070785324227,3.440963762968951,3.7177720605466575,1.489062222297808,1.0722070785324227,2.2563156837787415,2.0901291774640387,2.764364067067428,3.31593018865007,1.6362269318459548,2.626983338377067,2.2567124871446524,3.093056103517064,3.625195666676544,2.149967402996916,2.048343445445409,2.64513483496261,2.4083203165781577,2.6724879346598565,3.3814709833276324,1.3776250430090662,3.0779803435886945,2.1705794839481674,2.343988032945979,2.873391784600348,1.7477391828185327,2.2501455778511015,1.1690552459583123,3.1709025774429396,2.960285538573531,3.803641956706999,2.7834733529601325,2.9059060351046155,3.213885224692052,1.8328376845861731,1.7417240941744554,2.443008028033908,1.0722070785324227,3.1534598843430164,3.387910523604519,2.620200928544576,2.4129127924182976,2.0370968341699096,2.2079057913242126,1.0722070785324227,2.93057686353072,1.8057562067668862,2.9709304829817897,3.365570038891333,2.7196244425887333,2.965206819368514,4.080446295193432,2.8868033205644665,3.4226554287020594,3.1571786023376416,3.494171927543656,2.8542418700784604,3.9266334664227824,2.2288238133861915,2.6765059365729105,3.1831658170698756,0.0,2.0139203028609995,1.0722070785324227,2.136361400094001,2.1913781466109876,3.0735200628721007,1.8380728842755747,2.363488084093136,2.328680109684907
2.039903365142872,3.8145553397928,4.083779165935007,2.1729986597457813,2.039903365142872,2.9075876353075087,2.7773958442972937,3.315865390999019,3.7121031863586067,2.1988739407302242,3.150422405153247,2.813020664192877,3.452286993370202,3.895280037141536,2.5286388090865013,2.7568653965404177,3.155327574451336,3.110623769218693,3.202538973566118,3.799626801429556,2.0535923483719514,3.6530699658946033,2.9739580778876604,2.9033474168576765,3.1715817899288408,2.400420285209824,2.81646679517296,1.9712261808582563,3.5023448232515593,3.4362409704623107,4.054750695011845,3.335748695047729,3.361285753435855,3.6087567600813704,2.674918326989048,2.529855529000152,2.9032285982416886,2.039903365142872,3.623610923172419,3.7367149156223474,3.1381081210815154,2.9800652298749473,2.7297257461423974,2.8751430235255038,2.039903365142872,3.4812479555578477,2.5406995250980433,3.385185870480118,3.721918715071728,3.2505056238257297,3.3900016932446886,4.371251731162836,3.5012986100702954,3.6861116314309843,3.4392180460879467,3.9421987085056998,3.3547776492618637,4.212019985675558,2.836273247778218,3.3818148171664104,3.7652215766742287,2.0139203028609995,0.0,2.039903365142872,2.906846939235594,2.815761261550692,3.634092318845705,2.7312120403350404,2.994399624294231,2.971850433946437
0.0,3.3647581737203005,3.665060167268518,1.5155230107553674,0.0,2.255466018817442,2.068029095127878,2.8051791745140884,3.2694643847661196,1.6679112568536933,2.5202601262997675,2.061836329984501,3.022017445298834,3.619317604860279,2.2110560936812074,1.9889105786718966,2.5965871610167217,2.4115833038785275,2.6195234658143147,3.3165774980600307,1.3839004021782477,3.055306256717937,2.21453879132812,2.3090763470227054,2.725407533225752,1.7940321926234168,2.282790480408638,1.3277474884077667,3.0207827641977585,2.9591945509125486,3.7087642021022056,2.673237844036145,2.8166238335649476,3.138622124023713,1.881876223997419,1.952572524620145,2.3064505754763673,0.0,3.115487115688522,3.270883651005464,2.5011826248398163,2.4436436014840073,2.045782982405954,2.189559884378563,0.0,2.9018077795875064,1.7159979415111135,2.8333445739138616,3.3265620777649145,2.6198291941194096,2.8419135589174975,3.942655897649624,2.8164984354242297,3.3103700041677424,3.018833366258217,3.42145073216988,2.7952560302632325,3.804836915331366,2.128237889763953,2.654491914409866,3.1017480450628305,1.0722070785324227,2.039903365142872,0.0,2.171387545092447,2.276122182190524,2.9941650061262446,1.9350074704430789,2.2808153037443426,2.2763620429694176
2.171387545092447,3.94352091392927,4.1790357532973355,2.40718344440397,2.171387545092447,2.964127697625792,2.9620945919143815,3.42439202847289,3.938231136301149,2.6503345456249807,3.151608213454098,2.937664324481243,3.5509625958865203,4.090581182361814,2.8528705022824976,2.7371428641228657,3.233653023739998,3.1924683430794785,3.334339047892269,3.896865144223895,2.3783380736833055,3.6743513473484244,2.914942458324233,2.992082400974976,3.275080670336723,2.6136840027896944,3.045909018299799,2.3269646393071377,3.6879366320729665,3.776572643398847,4.2065747336615384,3.24823877217273,3.533734421619795,3.7064059405880445,2.7648849489330987,2.8254770748922913,3.207094355792242,2.171387545092447,3.6566930837013345,3.8225599338903966,3.1831056495297214,3.152607311381964,2.5056593109216228,2.954904214615291,2.171387545092447,3.47319366648115,2.559302962549514,3.3318656300658365,3.7038399632578,3.1950788176115377,3.2337930782183397,4.437509145463893,3.2514982405113284,3.930354630009973,3.488733083625393,3.9866391581200884,3.33253019951804,4.3657700037004705,2.9238938879473126,3.4000096513404356,3.739047703759738,2.136361400094001,2.906846939235594,2.171387545092447,0.0,2.7548954874021523,3.502203406007436,2.758671977303536,2.8175517164134503,3.0000387414402203
2.276122182190524,3.912953027306505,4.195864290216989,2.2240624301980225,2.276122182190524,3.056907301704334,2.9389612318684026,3.1321528790764828,3.9387417535697318,2.5712360038208812,3.263373882408446,2.904196032170713,3.5323037234269017,3.648349867656708,2.593831197436493,2.7842401152461185,3.224882119443096,3.214938577513924,3.4348931939526874,3.7473600591392318,2.384532003465351,3.2300876149101376,2.987589532288781,3.076864780020615,3.195141127599319,2.6992953904786376,3.12036498581419,2.2996051648584688,3.5387067902994316,3.3573718131800794,4.266106937905749,3.411419828856276,3.5319249725683126,3.7335971592001647,2.8555242346979517,2.6510134351451566,3.200646567049938,2.276122182190524,3.416472310924068,3.7914396354614626,3.218345779333762,3.220738000081659,2.737313373045946,2.7556213768587914,2.276122182190524,3.569366100614033,2.746500676586196,3.633566093616277,3.6657016746462427,3.362085225978221,3.265504751329717,4.3349579365897455,3.386477290501435,3.84180666199763,3.6556755243126,3.5387478866038546,3.3667527904277113,4.130005010450899,2.9930134642134276,3.408166619913253,3.7538147432253584,2.1913781466109876,2.815761261550692,2.276122182190524,2.7548954874021523,0.0,3.592641919482566,2.819649070492196,3.0389790557110246,2.979345074317137
2.9941650061262446,4.328151124928543,4.549123848756241,3.308887068229906,2.9941650061262446,3.3754120095092777,3.5201261740295955,3.8054728623493057,4.255177252195338,3.322602592860546,3.634251478573516,3.3771220406430382,4.155508921915361,4.539340317178875,3.7931480355871114,3.374860871311181,4.1760415346817075,3.707999910644733,3.700733425597273,4.2635327299798265,3.195108907551093,3.845048308876097,3.5169776677992695,3.77445814761179,3.6813037431754565,3.3443112949619622,3.5665175649475094,3.1840495114167764,4.075173313183077,4.140801057932835,4.6628388954212445,3.499496304588546,4.06341230561764,4.307488253480925,3.251338598833811,3.4137480115430563,3.7274985332019916,2.9941650061262446,4.0133767140520025,3.889723882855606,3.2532983698901186,3.691509511588855,3.410426627055378,3.4945672340282554,2.9941650061262446,3.944466151982947,3.394593054701993,3.906947922162945,3.9661239101507126,3.9578083712602266,3.798641331103595,4.765534179766754,3.8392379682620463,4.202983890263996,3.792743078521757,4.4252902462576715,3.80549988167081,4.627021042560117,3.522528880542037,3.8803397927868213,4.21013501464623,3.0735200628721007,3.634092318845705,2.9941650061262446,3.502203406007436,3.592641919482566,0.0,3.2906598189735283,3.6209834237879712,3.624571596649825
1.9350074704430789,3.7401604936949817,4.024515420589547,1.900641754369682,1.9350074704430789,2.7512951311480087,2.7016165857794454,3.03051835091875,3.5165457000527196,2.4925115672023685,3.0455356371627804,2.7021244825661768,3.1356672599657602,3.8439481886557774,2.697913812202293,2.545663225986113,2.916135248120262,2.5777860483902812,3.075415682294682,3.6488272340119092,2.161592308843191,3.5050023483904513,2.714334537167791,2.692834527938796,3.2054046770976004,2.275835384766701,1.7117198059254732,2.1712395218798837,3.4477843890881226,3.460793030142832,4.1604058361135525,3.1249751311458835,3.076283160020443,3.4909600073495395,2.440869730853756,2.6677188101882137,2.6711421411059533,1.9350074704430789,3.5235143864890017,3.695561163613911,3.0056837769983087,2.372912592637433,2.427005710942116,2.790574463144444,1.9350074704430789,3.3333530903916553,2.2912342987432437,3.2523056259075487,3.7253218628804374,3.1315660788823596,3.316854223357473,4.1981234657748825,3.379115965337388,3.7148414108029466,3.4524909860363415,3.8802336135124427,3.3444198168728576,4.275496214277371,2.593511191911996,3.0531976258307334,3.3879178397018643,1.8380728842755747,2.7312120403350404,1.9350074704430789,2.758671977303536,2.819649070492196,3.2906598189735283,0.0,2.6940950506021792,2.766515894550846
2.2808153037443426,3.905280833869757,4.133882580085871,2.4030142399694574,2.2808153037443426,2.971021162704148,2.9065144984810125,3.5475325989947675,3.87678249191155,2.7022116849345506,3.091796351963932,2.823938438213363,3.6236531733255455,4.062618065895233,3.146422686165835,1.9318576593415575,3.4428664996087543,3.1700288332534488,3.197204522713745,4.139425456839924,2.538609828653968,3.7199187789228194,3.1725748986547564,3.13598705581854,2.429503023697781,2.728197214360081,2.9917327745676023,2.4939198549478503,3.7046231792017434,3.8299388972056967,3.8450199961318603,2.8979184668873685,3.499161806403827,3.89546780432518,2.6149623246212106,2.7022078944910435,2.8161938663506088,2.2808153037443426,3.8765678071626506,3.8089869982725224,2.999494861417911,3.0753653986193346,2.620718692951824,3.015345221137961,2.2808153037443426,3.435473579473682,2.716139556295286,3.3606284372511026,3.9495478264033896,3.3081576707998726,3.4721214167589136,4.616785337843564,3.479197686296095,3.7973435003775378,3.5516128891196828,4.077959484035068,3.1103882823542555,4.380805573227541,2.958534864912017,3.3292342247278044,3.828941163325583,2.363488084093136,2.994399624294231,2.2808153037443426,2.8175517164134503,3.0389790557110246,3.6209834237879712,2.6940950506021792,0.0,2.986909828801022
2.2763620429694176,3.992492513547397,4.21548199804993,2.647722812066404,2.2763620429694176,3.1454745011296854,2.5527486369831105,3.570823774267584,3.78850460338473,2.8117686531494233,3.133236790306069,2.8943991582804434,3.695092927860022,4.02856624551032,3.047171529210331,2.7031673155108376,3.3074669639738956,3.2836374601903926,3.2519552668762772,3.7830449905188916,2.4342754305685306,3.6263124522895787,2.9559208130182113,3.263208663566161,3.176632715248366,2.4482651109936975,3.015354620457807,2.4275895722145706,3.5259657386677716,3.5220323674508376,4.39098715102996,3.2196018507145014,3.604620776015034,3.6987033745433906,2.81457668940964,2.8052331639449504,2.8593639810640754,2.2763620429694176,3.556280152729441,3.858785694411154,3.2683851649567615,3.1067785764643485,2.9182005246967275,3.182055220959144,2.2763620429694176,3.574470500950931,2.5779317941458655,3.40360790086104,3.888253311099967,3.3674099979981778,3.5575759389735944,4.306635921877377,3.438464215962665,3.8197130511662936,3.4375943428349895,4.113259176580465,3.3265696511239597,4.2417646917412934,3.062438492449767,3.434637949660339,3.772901779628611,2.328680109684907,2.971850433946437,2.2763620429694176,3.0000387414402203,2.979345074317137,3.624571596649825,2.766515894550846,2.986909828801022,0.0
